Threshold,Accuracy,Balanced_Accuracy,Sensitivity,Specificity,Precision,F1,Youden_J,TN,FP,FN,TP
0.1,0.24356223175965666,0.5,1.0,0.0,0.24356223175965666,0.3917169974115617,0.0,0,705,0,227
0.11,0.24356223175965666,0.5,1.0,0.0,0.24356223175965666,0.3917169974115617,0.0,0,705,0,227
0.12,0.24356223175965666,0.5,1.0,0.0,0.24356223175965666,0.3917169974115617,0.0,0,705,0,227
0.13,0.24356223175965666,0.5,1.0,0.0,0.24356223175965666,0.3917169974115617,0.0,0,705,0,227
0.13999999999999999,0.24356223175965666,0.5,1.0,0.0,0.24356223175965666,0.3917169974115617,0.0,0,705,0,227
0.14999999999999997,0.24356223175965666,0.5,1.0,0.0,0.24356223175965666,0.3917169974115617,0.0,0,705,0,227
0.15999999999999998,0.24356223175965666,0.5,1.0,0.0,0.24356223175965666,0.3917169974115617,0.0,0,705,0,227
0.16999999999999998,0.24356223175965666,0.5,1.0,0.0,0.24356223175965666,0.3917169974115617,0.0,0,705,0,227
0.17999999999999997,0.24356223175965666,0.5,1.0,0.0,0.24356223175965666,0.3917169974115617,0.0,0,705,0,227
0.18999999999999995,0.24356223175965666,0.5,1.0,0.0,0.24356223175965666,0.3917169974115617,0.0,0,705,0,227
0.19999999999999996,0.24356223175965666,0.5,1.0,0.0,0.24356223175965666,0.3917169974115617,0.0,0,705,0,227
0.20999999999999996,0.24570815450643776,0.5014184397163121,1.0,0.0028368794326241137,0.24408602150537634,0.3923941227312014,0.0028368794326241176,2,703,0,227
0.21999999999999995,0.24678111587982832,0.502127659574468,1.0,0.00425531914893617,0.24434876210979548,0.39273356401384085,0.004255319148936065,3,702,0,227
0.22999999999999995,0.2478540772532189,0.5028368794326241,1.0,0.005673758865248227,0.24461206896551724,0.3930735930735931,0.005673758865248235,4,701,0,227
0.23999999999999994,0.2510729613733906,0.5049645390070922,1.0,0.009929078014184398,0.2454054054054054,0.3940972222222222,0.0099290780141843,7,698,0,227
0.24999999999999992,0.2510729613733906,0.503471115693442,0.9955947136563876,0.011347517730496455,0.24485373781148428,0.39304347826086955,0.006942231386884101,8,697,1,226
0.2599999999999999,0.2575107296137339,0.5077264348423782,0.9955947136563876,0.019858156028368795,0.24645583424209377,0.3951048951048951,0.015452869684756454,14,691,1,226
0.2699999999999999,0.26502145922746784,0.5126909738494704,0.9955947136563876,0.029787234042553193,0.24835164835164836,0.3975373790677221,0.025381947698940754,21,684,1,226
0.2799999999999999,0.27145922746781115,0.5139594463711064,0.986784140969163,0.04113475177304964,0.24888888888888888,0.39751552795031053,0.02791889274221271,29,676,3,224
0.2899999999999999,0.27682403433476394,0.513025275720936,0.973568281938326,0.0524822695035461,0.24859392575928008,0.3960573476702509,0.026050551441872072,37,668,6,221
0.29999999999999993,0.2875536480686695,0.5141437810478957,0.9559471365638766,0.07234042553191489,0.24913892078071181,0.39526411657559196,0.02828756209579142,51,654,10,217
0.30999999999999994,0.30364806866952787,0.523288655606586,0.9515418502202643,0.0950354609929078,0.2529274004683841,0.3996299722479186,0.04657731121317199,67,638,11,216
0.3199999999999999,0.3272532188841202,0.5344112225450682,0.9383259911894273,0.13049645390070921,0.25786924939467315,0.4045584045584046,0.06882244509013646,92,613,14,213
0.32999999999999985,0.35085836909871243,0.5485206361108508,0.933920704845815,0.16312056737588654,0.26433915211970077,0.41205053449951407,0.09704127222170156,115,590,15,212
0.33999999999999986,0.36909871244635195,0.5546036804449027,0.9162995594713657,0.19290780141843972,0.2676962676962677,0.41434262948207173,0.10920736088980543,136,569,19,208
0.34999999999999987,0.3948497854077253,0.5701315337269972,0.9118942731277533,0.22836879432624113,0.2756324900133156,0.4233128834355828,0.14026306745399442,161,544,20,207
0.3599999999999999,0.4334763948497854,0.592676601993314,0.9030837004405287,0.2822695035460993,0.2883263009845288,0.43710021321961623,0.1853532039866279,199,506,22,205
0.3699999999999999,0.47103004291845496,0.6100321804605242,0.8810572687224669,0.33900709219858155,0.3003003003003003,0.4479283314669653,0.22006436092104842,239,466,27,200
0.3799999999999999,0.5032188841201717,0.6268285062642547,0.8678414096916299,0.38581560283687943,0.3126984126984127,0.4597432905484247,0.25365701252850936,272,433,30,197
0.3899999999999999,0.528969957081545,0.6319023963507983,0.8325991189427313,0.43120567375886526,0.32033898305084746,0.46266829865361075,0.2638047927015965,304,401,38,189
0.3999999999999998,0.572961373390558,0.6550067172805949,0.8149779735682819,0.4950354609929078,0.3419593345656192,0.4817708333333333,0.3100134345611898,349,356,42,185
0.4099999999999998,0.5933476394849786,0.6610147780173087,0.7929515418502202,0.5290780141843971,0.3515625,0.4871447902571042,0.32202955603461736,373,332,47,180
0.4199999999999998,0.6115879828326181,0.6611241290967601,0.7577092511013216,0.5645390070921986,0.35908141962421714,0.48725212464589235,0.3222482581935202,398,307,55,172
0.4299999999999998,0.6233905579399142,0.6539913143999749,0.7136563876651982,0.5943262411347517,0.36160714285714285,0.48,0.30798262879994986,419,286,65,162
0.43999999999999984,0.6448497854077253,0.6666822882494454,0.7092511013215859,0.624113475177305,0.3779342723004695,0.49310872894333846,0.33336457649889084,440,265,66,161
0.44999999999999984,0.6534334763948498,0.6633955072327928,0.6828193832599119,0.6439716312056738,0.3817733990147783,0.48973143759873616,0.32679101446558567,454,251,72,155
0.45999999999999985,0.6727467811158798,0.6701877714250007,0.6651982378854625,0.675177304964539,0.3973684210526316,0.4975288303130148,0.3403755428500015,476,229,76,151
0.46999999999999986,0.6845493562231759,0.6705220732964664,0.6431718061674009,0.6978723404255319,0.40668523676880225,0.49829351535836175,0.3410441465929328,492,213,81,146
0.47999999999999976,0.6856223175965666,0.6577904833317711,0.6035242290748899,0.7120567375886525,0.40294117647058825,0.48324514991181655,0.3155809666635423,502,203,90,137
0.48999999999999977,0.6963519313304721,0.660402411972381,0.5903083700440529,0.7304964539007093,0.41358024691358025,0.4863883847549909,0.32080482394476206,515,190,93,134
0.4999999999999998,0.7027896995708155,0.6571906145530665,0.5682819383259912,0.7460992907801418,0.41883116883116883,0.4822429906542056,0.314381229106133,526,179,98,129
0.5099999999999998,0.7081545064377682,0.653269597275596,0.5462555066079295,0.7602836879432624,0.4232081911262799,0.47692307692307695,0.30653919455119194,536,169,103,124
0.5199999999999998,0.7103004291845494,0.6472209204236573,0.5242290748898678,0.7702127659574468,0.4234875444839858,0.468503937007874,0.2944418408473146,543,162,108,119
0.5299999999999998,0.7113733905579399,0.6419564470272128,0.5066079295154186,0.7773049645390071,0.4227941176470588,0.46092184368737477,0.28391289405442555,548,157,112,115
0.5399999999999998,0.7188841201716738,0.6424407160933546,0.4933920704845815,0.7914893617021277,0.43243243243243246,0.4609053497942387,0.28488143218670925,558,147,115,112
0.5499999999999998,0.7221030042918455,0.6385946824132221,0.47577092511013214,0.8014184397163121,0.43548387096774194,0.45473684210526316,0.2771893648264443,565,140,119,108
0.5599999999999997,0.723175965665236,0.6258630924485269,0.43612334801762115,0.8156028368794326,0.43231441048034935,0.4342105263157895,0.2517261848970538,575,130,128,99
0.5699999999999997,0.7317596566523605,0.6285500046864748,0.42731277533039647,0.8297872340425532,0.4470046082949309,0.4369369369369369,0.25710000937294963,585,120,130,97
0.5799999999999997,0.7349785407725322,0.6247039710063423,0.40969162995594716,0.8397163120567376,0.45145631067961167,0.4295612009237875,0.24940794201268468,592,113,134,93
0.5899999999999997,0.7392703862660944,0.6200737338707158,0.3876651982378855,0.8524822695035461,0.4583333333333333,0.4200477326968974,0.2401474677414317,601,104,139,88
0.5999999999999998,0.7446351931330472,0.6221264098478458,0.3832599118942731,0.8609929078014185,0.4702702702702703,0.4223300970873786,0.24425281969569168,607,98,140,87
0.6099999999999998,0.75,0.6196988158840254,0.3656387665198238,0.873758865248227,0.48255813953488375,0.41604010025062654,0.23939763176805084,616,89,144,83
0.6199999999999998,0.7521459227467812,0.6121567157184366,0.3392070484581498,0.8851063829787233,0.4873417721518987,0.4,0.2243134314368731,624,81,150,77
0.6299999999999997,0.7564377682403434,0.6090199018964602,0.32158590308370044,0.8964539007092198,0.5,0.3914209115281501,0.21803980379292032,632,73,154,73
0.6399999999999997,0.7585836909871244,0.5984909551035711,0.28634361233480177,0.9106382978723404,0.5078125,0.36619718309859156,0.19698191020714217,642,63,162,65
0.6499999999999997,0.7618025751072961,0.5901646514824882,0.2555066079295154,0.924822695035461,0.5225225225225225,0.3431952662721893,0.1803293029649764,652,53,169,58
0.6599999999999997,0.7660944206008584,0.5870278376605118,0.23788546255506607,0.9361702127659575,0.5454545454545454,0.3312883435582822,0.17405567532102362,660,45,173,54
0.6699999999999997,0.7628755364806867,0.5744462148904927,0.20704845814977973,0.9418439716312057,0.5340909090909091,0.2984126984126984,0.1488924297809855,664,41,180,47
0.6799999999999997,0.7660944206008584,0.5720936045240104,0.19383259911894274,0.950354609929078,0.5569620253164557,0.2875816993464052,0.14418720904802074,670,35,183,44
0.6899999999999997,0.7660944206008584,0.5661199112694099,0.1762114537444934,0.9560283687943263,0.5633802816901409,0.2684563758389262,0.13223982253881972,674,31,187,40
0.6999999999999996,0.7650214592274678,0.556450151529353,0.14977973568281938,0.9631205673758865,0.5666666666666667,0.23693379790940766,0.11290030305870591,679,26,193,34
0.7099999999999996,0.7628755364806867,0.5505514418720905,0.13656387665198239,0.9645390070921985,0.5535714285714286,0.21908127208480566,0.10110288374418097,680,25,196,31
0.7199999999999996,0.7618025751072961,0.5408816821320336,0.11013215859030837,0.9716312056737588,0.5555555555555556,0.18382352941176472,0.08176336426406716,685,20,202,25
0.7299999999999996,0.7660944206008584,0.5407317149373574,0.1013215859030837,0.9801418439716312,0.6216216216216216,0.17424242424242425,0.08146342987471478,691,14,204,23
0.7399999999999997,0.7671673819742489,0.5399475114818634,0.09691629955947137,0.9829787234042553,0.6470588235294118,0.1685823754789272,0.07989502296372675,693,12,205,22
0.7499999999999997,0.7671673819742489,0.535467241540913,0.08370044052863436,0.9872340425531915,0.6785714285714286,0.14901960784313725,0.07093448308182593,696,9,208,19
0.7599999999999997,0.7650214592274678,0.5265816852563502,0.06167400881057269,0.9914893617021276,0.7,0.11336032388663968,0.05316337051270037,699,6,213,14
0.7699999999999997,0.7639484978540773,0.5213921954572437,0.048458149779735685,0.9943262411347518,0.7333333333333333,0.09090909090909091,0.04278439091448738,701,4,216,11
0.7799999999999997,0.7618025751072961,0.5154934857999812,0.03524229074889868,0.9957446808510638,0.7272727272727273,0.06722689075630252,0.030986971599962443,702,3,219,8
0.7899999999999996,0.7585836909871244,0.5088855562845628,0.022026431718061675,0.9957446808510638,0.625,0.0425531914893617,0.017771112569125558,702,3,222,5
0.7999999999999996,0.7585836909871244,0.5073921329709126,0.01762114537444934,0.9971631205673759,0.6666666666666666,0.034334763948497854,0.014784265941825137,703,2,223,4
0.8099999999999996,0.7564377682403434,0.5029868466273003,0.00881057268722467,0.9971631205673759,0.5,0.017316017316017316,0.0059736932546006205,703,2,225,2
0.8199999999999996,0.7564377682403434,0.5014934233136501,0.004405286343612335,0.9985815602836879,0.5,0.008733624454148471,0.0029868466273001992,704,1,226,1
0.8299999999999996,0.7564377682403434,0.5014934233136501,0.004405286343612335,0.9985815602836879,0.5,0.008733624454148471,0.0029868466273001992,704,1,226,1
0.8399999999999996,0.7575107296137339,0.5022026431718062,0.004405286343612335,1.0,1.0,0.008771929824561403,0.004405286343612369,705,0,226,1
0.8499999999999996,0.7575107296137339,0.5022026431718062,0.004405286343612335,1.0,1.0,0.008771929824561403,0.004405286343612369,705,0,226,1
0.8599999999999995,0.7564377682403434,0.5,0.0,1.0,0.0,0.0,0.0,705,0,227,0
0.8699999999999996,0.7564377682403434,0.5,0.0,1.0,0.0,0.0,0.0,705,0,227,0
0.8799999999999996,0.7564377682403434,0.5,0.0,1.0,0.0,0.0,0.0,705,0,227,0
0.8899999999999996,0.7564377682403434,0.5,0.0,1.0,0.0,0.0,0.0,705,0,227,0
0.8999999999999996,0.7564377682403434,0.5,0.0,1.0,0.0,0.0,0.0,705,0,227,0
